term	type	state	state_fullname	percent_state	percent_us	diff
cinnamon	ingredient	AK	Alaska	0.48	0.15	0.33
cookies	dish	AK	Alaska	0.57	0.24	0.32
ranch dressing	ingredient	AK	Alaska	0.58	0.26	0.32
cheddar cheese	ingredient	AK	Alaska	0.67	0.36	0.31
creamy	sensory	AK	Alaska	0.60	0.30	0.30
warmed	sensory	AK	Alaska	0.46	0.17	0.28
chipotle	ingredient	AK	Alaska	0.41	0.14	0.27
blended	preparation	AK	Alaska	0.48	0.21	0.27
sweetener	ingredient	AK	Alaska	0.69	0.42	0.27
classic	sensory	AK	Alaska	0.53	0.26	0.27
ranch dressing	ingredient	AL	Alabama	0.45	0.26	0.19
strawberry	ingredient	AL	Alabama	0.38	0.19	0.19
loaded	preparation	AL	Alabama	0.27	0.08	0.19
delicious	sensory	AL	Alabama	0.36	0.18	0.18
big	sensory	AL	Alabama	0.31	0.13	0.17
chicken tender	ingredient	AL	Alabama	0.52	0.35	0.17
perfect	sensory	AL	Alabama	0.35	0.19	0.17
little	sensory	AL	Alabama	0.24	0.08	0.17
pie	dish	AL	Alabama	0.39	0.22	0.16
taste	sensory	AL	Alabama	0.25	0.08	0.16
ranch dressing	ingredient	AR	Arkansas	0.53	0.26	0.27
dip	dish	AR	Arkansas	0.51	0.26	0.26
perfect	sensory	AR	Arkansas	0.44	0.19	0.25
covered	preparation	AR	Arkansas	0.39	0.14	0.25
loaded	preparation	AR	Arkansas	0.33	0.08	0.24
cheddar cheese	ingredient	AR	Arkansas	0.59	0.36	0.23
strawberry	ingredient	AR	Arkansas	0.41	0.19	0.22
seasoned	preparation	AR	Arkansas	0.53	0.32	0.21
chip	ingredient	AR	Arkansas	0.49	0.28	0.21
jalape単o pepper	ingredient	AR	Arkansas	0.50	0.30	0.20
blended	preparation	AZ	Arizona	0.36	0.21	0.15
ranch dressing	ingredient	AZ	Arizona	0.41	0.26	0.15
dip	dish	AZ	Arizona	0.40	0.26	0.15
warmed	sensory	AZ	Arizona	0.31	0.17	0.14
tortilla	ingredient	AZ	Arizona	0.38	0.24	0.14
salad dressing	ingredient	AZ	Arizona	0.69	0.55	0.14
dressing	ingredient	AZ	Arizona	0.78	0.64	0.14
chipotle	ingredient	AZ	Arizona	0.27	0.14	0.13
smothered	preparation	AZ	Arizona	0.28	0.15	0.13
cheddar cheese	ingredient	AZ	Arizona	0.49	0.36	0.13
prawn	ingredient	CA	California	0.29	0.09	0.19
cilantro	ingredient	CA	California	0.34	0.21	0.13
avocado	ingredient	CA	California	0.43	0.31	0.13
vegetarian	preparation	CA	California	0.43	0.31	0.12
green salad	dish	CA	California	0.22	0.11	0.11
herb	ingredient	CA	California	0.73	0.64	0.10
mint	ingredient	CA	California	0.20	0.12	0.09
beans	ingredient	CA	California	0.67	0.59	0.08
braised	preparation	CA	California	0.21	0.12	0.08
pot stickers	dish	CA	California	0.13	0.05	0.08
jalape単o pepper	ingredient	CO	Colorado	0.48	0.30	0.18
bowl	preparation	CO	Colorado	0.31	0.16	0.15
green	sensory	CO	Colorado	0.44	0.29	0.14
chili	dish	CO	Colorado	0.42	0.29	0.13
green chile	ingredient	CO	Colorado	0.14	0.02	0.12
chile pepper	ingredient	CO	Colorado	0.74	0.62	0.12
chip	ingredient	CO	Colorado	0.40	0.28	0.11
burrito	dish	CO	Colorado	0.22	0.11	0.11
avocado	ingredient	CO	Colorado	0.41	0.31	0.11
chile	ingredient	CO	Colorado	0.20	0.10	0.10
clam	ingredient	CT	Connecticut	0.46	0.22	0.23
cutlet	preparation	CT	Connecticut	0.34	0.13	0.21
sandwich wrap	dish	CT	Connecticut	0.44	0.24	0.20
gorgonzola cheese	ingredient	CT	Connecticut	0.29	0.10	0.19
buffalo chicken	dish	CT	Connecticut	0.42	0.23	0.19
eggplant	ingredient	CT	Connecticut	0.56	0.37	0.19
tuna	ingredient	CT	Connecticut	0.57	0.40	0.17
caesar salad	dish	CT	Connecticut	0.57	0.41	0.16
ricotta cheese	ingredient	CT	Connecticut	0.35	0.18	0.16
mozzarella cheese	ingredient	CT	Connecticut	0.60	0.44	0.16
herb	ingredient	DC	District of Columbia	0.82	0.64	0.18
salmon	ingredient	DC	District of Columbia	0.56	0.38	0.17
vinaigrette	ingredient	DC	District of Columbia	0.47	0.30	0.16
lamb	ingredient	DC	District of Columbia	0.35	0.20	0.16
cake	dish	DC	District of Columbia	0.55	0.40	0.15
yogurt	ingredient	DC	District of Columbia	0.27	0.12	0.14
carrot	ingredient	DC	District of Columbia	0.54	0.40	0.14
beans	ingredient	DC	District of Columbia	0.73	0.59	0.14
marinated	preparation	DC	District of Columbia	0.58	0.44	0.13
nut	ingredient	DC	District of Columbia	0.70	0.57	0.13
bite sized	preparation	DE	Delaware	0.33	0.07	0.26
blended	preparation	DE	Delaware	0.43	0.21	0.21
blue cheese	ingredient	DE	Delaware	0.47	0.27	0.20
chicken tender	ingredient	DE	Delaware	0.55	0.35	0.20
cheesesteak	dish	DE	Delaware	0.34	0.15	0.19
ranch dressing	ingredient	DE	Delaware	0.45	0.26	0.19
provolone cheese	ingredient	DE	Delaware	0.44	0.25	0.19
bacon	ingredient	DE	Delaware	0.75	0.56	0.19
cinnamon	ingredient	DE	Delaware	0.34	0.15	0.19
berry	ingredient	DE	Delaware	0.53	0.35	0.19
grouper	ingredient	FL	Florida	0.18	0.03	0.15
conch	ingredient	FL	Florida	0.11	0.02	0.10
blackened	preparation	FL	Florida	0.20	0.10	0.10
mahi mahi	ingredient	FL	Florida	0.13	0.04	0.09
key lime pie	dish	FL	Florida	0.11	0.03	0.08
perfect	sensory	FL	Florida	0.26	0.19	0.08
pounded	preparation	FL	Florida	0.21	0.14	0.07
tuna	ingredient	FL	Florida	0.47	0.40	0.07
snapper	ingredient	FL	Florida	0.15	0.08	0.07
lobster	ingredient	FL	Florida	0.32	0.26	0.06
grits	ingredient	GA	Georgia	0.15	0.05	0.10
dip	dish	GA	Georgia	0.36	0.26	0.10
covered	preparation	GA	Georgia	0.24	0.14	0.10
cornmeal	ingredient	GA	Georgia	0.19	0.10	0.09
chicken tender	ingredient	GA	Georgia	0.44	0.35	0.09
pecan	ingredient	GA	Georgia	0.21	0.12	0.08
lemon pepper	ingredient	GA	Georgia	0.11	0.02	0.08
delicious	sensory	GA	Georgia	0.27	0.18	0.08
tilapia	ingredient	GA	Georgia	0.18	0.10	0.08
chip	ingredient	GA	Georgia	0.36	0.28	0.08
ahi tuna	ingredient	HI	Hawaii	0.47	0.06	0.41
macadamia nut	ingredient	HI	Hawaii	0.37	0.02	0.35
seared	preparation	HI	Hawaii	0.40	0.14	0.26
sashimi	dish	HI	Hawaii	0.32	0.07	0.25
warmed	sensory	HI	Hawaii	0.43	0.17	0.25
locally	preparation	HI	Hawaii	0.30	0.05	0.25
strawberry	ingredient	HI	Hawaii	0.44	0.19	0.25
mahi mahi	ingredient	HI	Hawaii	0.29	0.04	0.25
big	sensory	HI	Hawaii	0.38	0.13	0.24
wasabi	ingredient	HI	Hawaii	0.33	0.08	0.24
blended	preparation	IA	Iowa	0.52	0.21	0.31
ranch dressing	ingredient	IA	Iowa	0.55	0.26	0.29
dip	dish	IA	Iowa	0.53	0.26	0.27
perfect	sensory	IA	Iowa	0.43	0.19	0.24
delicious	sensory	IA	Iowa	0.42	0.18	0.24
chip	ingredient	IA	Iowa	0.52	0.28	0.24
signature	preparation	IA	Iowa	0.34	0.11	0.23
stripped	preparation	IA	Iowa	0.45	0.22	0.23
loaded	preparation	IA	Iowa	0.31	0.08	0.23
smothered	preparation	IA	Iowa	0.38	0.15	0.23
cheddar cheese	ingredient	ID	Idaho	0.62	0.36	0.26
ranch dressing	ingredient	ID	Idaho	0.49	0.26	0.22
tender	sensory	ID	Idaho	0.52	0.30	0.22
creamy	sensory	ID	Idaho	0.52	0.30	0.22
dip	dish	ID	Idaho	0.46	0.26	0.21
blended	preparation	ID	Idaho	0.42	0.21	0.20
warmed	sensory	ID	Idaho	0.37	0.17	0.19
melted	preparation	ID	Idaho	0.52	0.33	0.19
tortilla	ingredient	ID	Idaho	0.43	0.24	0.19
stripped	preparation	ID	Idaho	0.40	0.22	0.18
green bell pepper	ingredient	IL	Illinois	0.46	0.32	0.14
bell pepper	ingredient	IL	Illinois	0.61	0.50	0.11
skirt steak	ingredient	IL	Illinois	0.15	0.05	0.11
italian sausage	ingredient	IL	Illinois	0.25	0.15	0.10
breaded	preparation	IL	Illinois	0.42	0.32	0.10
mostaccioli	ingredient	IL	Illinois	0.11	0.02	0.10
peapod	ingredient	IL	Illinois	0.12	0.02	0.10
pizza puff	dish	IL	Illinois	0.10	0.01	0.09
tilapia	ingredient	IL	Illinois	0.18	0.10	0.08
french bread	ingredient	IL	Illinois	0.13	0.04	0.08
delicious	sensory	IN	Indiana	0.40	0.18	0.21
perfect	sensory	IN	Indiana	0.40	0.19	0.21
blended	preparation	IN	Indiana	0.42	0.21	0.20
rich	sensory	IN	Indiana	0.34	0.14	0.20
cheddar cheese	ingredient	IN	Indiana	0.55	0.36	0.19
big	sensory	IN	Indiana	0.32	0.13	0.19
ranch dressing	ingredient	IN	Indiana	0.45	0.26	0.19
famous	sensory	IN	Indiana	0.35	0.17	0.18
smothered	preparation	IN	Indiana	0.33	0.15	0.18
loaded	preparation	IN	Indiana	0.26	0.08	0.18
ranch dressing	ingredient	KS	Kansas	0.54	0.26	0.27
chip	ingredient	KS	Kansas	0.53	0.28	0.25
cheddar cheese	ingredient	KS	Kansas	0.58	0.36	0.22
blended	preparation	KS	Kansas	0.43	0.21	0.22
dip	dish	KS	Kansas	0.46	0.26	0.21
classic	sensory	KS	Kansas	0.47	0.26	0.20
brownie	dish	KS	Kansas	0.29	0.10	0.20
original	sensory	KS	Kansas	0.28	0.10	0.19
cookies	dish	KS	Kansas	0.42	0.24	0.17
premium	sensory	KS	Kansas	0.22	0.04	0.17
perfect	sensory	KY	Kentucky	0.38	0.19	0.19
ranch dressing	ingredient	KY	Kentucky	0.44	0.26	0.18
rich	sensory	KY	Kentucky	0.32	0.14	0.18
loaded	preparation	KY	Kentucky	0.26	0.08	0.18
blended	preparation	KY	Kentucky	0.39	0.21	0.17
delicious	sensory	KY	Kentucky	0.35	0.18	0.17
dip	dish	KY	Kentucky	0.42	0.26	0.17
sugar	ingredient	KY	Kentucky	0.32	0.16	0.16
cheddar cheese	ingredient	KY	Kentucky	0.52	0.36	0.16
smothered	preparation	KY	Kentucky	0.31	0.15	0.16
crawfish	ingredient	LA	Louisiana	0.41	0.02	0.38
po boy sandwich	dish	LA	Louisiana	0.29	0.03	0.26
catfish	ingredient	LA	Louisiana	0.32	0.06	0.26
gumbo	dish	LA	Louisiana	0.27	0.02	0.25
oyster	ingredient	LA	Louisiana	0.33	0.10	0.23
pecan	ingredient	LA	Louisiana	0.32	0.12	0.20
smoked	preparation	LA	Louisiana	0.48	0.28	0.20
dressed	preparation	LA	Louisiana	0.22	0.04	0.18
artichoke	ingredient	LA	Louisiana	0.41	0.23	0.18
remoulade	ingredient	LA	Louisiana	0.22	0.05	0.17
chicken tender	ingredient	MA	Massachusetts	0.52	0.35	0.17
eggplant	ingredient	MA	Massachusetts	0.54	0.37	0.17
broccoli	ingredient	MA	Massachusetts	0.57	0.41	0.16
pasta	ingredient	MA	Massachusetts	0.66	0.51	0.15
haddock	ingredient	MA	Massachusetts	0.17	0.02	0.15
teriyaki	preparation	MA	Massachusetts	0.34	0.20	0.14
stir fried	preparation	MA	Massachusetts	0.29	0.15	0.14
ravioli	ingredient	MA	Massachusetts	0.33	0.20	0.13
boneless	preparation	MA	Massachusetts	0.33	0.20	0.13
sandwich wrap	dish	MA	Massachusetts	0.37	0.24	0.13
crab cake	dish	MD	Maryland	0.34	0.12	0.22
cut	preparation	MD	Maryland	0.32	0.14	0.18
jumbo	sensory	MD	Maryland	0.50	0.32	0.18
lump crab meat	ingredient	MD	Maryland	0.22	0.06	0.16
platter	preparation	MD	Maryland	0.49	0.32	0.16
old bay	ingredient	MD	Maryland	0.17	0.02	0.15
cold	sensory	MD	Maryland	0.40	0.25	0.15
crab	ingredient	MD	Maryland	0.52	0.37	0.15
cake	dish	MD	Maryland	0.55	0.40	0.15
cheesesteak	dish	MD	Maryland	0.28	0.15	0.14
haddock	ingredient	ME	Maine	0.39	0.02	0.37
lobster	ingredient	ME	Maine	0.44	0.26	0.18
chowder	dish	ME	Maine	0.21	0.03	0.18
stew	dish	ME	Maine	0.32	0.15	0.17
cinnamon	ingredient	ME	Maine	0.31	0.15	0.16
swiss cheese	ingredient	ME	Maine	0.44	0.28	0.16
dip	dish	ME	Maine	0.42	0.26	0.16
locally	preparation	ME	Maine	0.21	0.05	0.16
blt	dish	ME	Maine	0.36	0.20	0.16
clam chowder	dish	ME	Maine	0.20	0.04	0.15
green bell pepper	ingredient	MI	Michigan	0.57	0.32	0.25
club sandwich	dish	MI	Michigan	0.45	0.23	0.22
corned	preparation	MI	Michigan	0.34	0.13	0.21
reuben	dish	MI	Michigan	0.33	0.13	0.20
coleslaw	dish	MI	Michigan	0.40	0.20	0.20
ground beef	ingredient	MI	Michigan	0.38	0.18	0.19
ringed	preparation	MI	Michigan	0.45	0.27	0.18
turkey	ingredient	MI	Michigan	0.57	0.39	0.18
swiss cheese	ingredient	MI	Michigan	0.46	0.28	0.18
sauerkraut	ingredient	MI	Michigan	0.30	0.12	0.18
walleye	ingredient	MN	Minnesota	0.29	0.01	0.28
cheddar cheese	ingredient	MN	Minnesota	0.60	0.36	0.24
seasoned	preparation	MN	Minnesota	0.53	0.32	0.21
dip	dish	MN	Minnesota	0.47	0.26	0.21
bun	ingredient	MN	Minnesota	0.37	0.17	0.20
barbeque sauce	ingredient	MN	Minnesota	0.44	0.25	0.19
blended	preparation	MN	Minnesota	0.40	0.21	0.19
classic	sensory	MN	Minnesota	0.44	0.26	0.18
taco	dish	MN	Minnesota	0.35	0.18	0.18
swiss cheese	ingredient	MN	Minnesota	0.45	0.28	0.17
toasted	preparation	MO	Missouri	0.49	0.30	0.20
dip	dish	MO	Missouri	0.40	0.26	0.14
ranch dressing	ingredient	MO	Missouri	0.39	0.26	0.13
processed cheese	ingredient	MO	Missouri	0.13	0.00	0.12
provel	ingredient	MO	Missouri	0.13	0.00	0.12
blended	preparation	MO	Missouri	0.34	0.21	0.12
stripped	preparation	MO	Missouri	0.33	0.22	0.11
smothered	preparation	MO	Missouri	0.26	0.15	0.11
au jus	ingredient	MO	Missouri	0.22	0.10	0.11
covered	preparation	MO	Missouri	0.25	0.14	0.11
loaded	preparation	MS	Mississippi	0.38	0.08	0.29
pecan	ingredient	MS	Mississippi	0.37	0.12	0.25
delicious	sensory	MS	Mississippi	0.41	0.18	0.22
blended	preparation	MS	Mississippi	0.43	0.21	0.22
ranch dressing	ingredient	MS	Mississippi	0.48	0.26	0.22
crunchy	sensory	MS	Mississippi	0.33	0.12	0.21
chocolate	ingredient	MS	Mississippi	0.54	0.33	0.21
candy	ingredient	MS	Mississippi	0.66	0.46	0.21
perfect	sensory	MS	Mississippi	0.39	0.19	0.20
big	sensory	MS	Mississippi	0.33	0.13	0.20
chip	ingredient	MT	Montana	0.67	0.28	0.38
ranch dressing	ingredient	MT	Montana	0.63	0.26	0.37
blended	preparation	MT	Montana	0.52	0.21	0.31
classic	sensory	MT	Montana	0.56	0.26	0.30
cinnamon	ingredient	MT	Montana	0.43	0.15	0.28
cheddar cheese	ingredient	MT	Montana	0.64	0.36	0.28
tortilla	ingredient	MT	Montana	0.51	0.24	0.27
original	sensory	MT	Montana	0.36	0.10	0.26
zesty	sensory	MT	Montana	0.33	0.07	0.25
signature	preparation	MT	Montana	0.36	0.11	0.25
slaw	ingredient	NC	North Carolina	0.23	0.08	0.15
dip	dish	NC	North Carolina	0.40	0.26	0.14
rib eye steak	ingredient	NC	North Carolina	0.28	0.14	0.14
chicken tender	ingredient	NC	North Carolina	0.48	0.35	0.14
grits	ingredient	NC	North Carolina	0.15	0.05	0.11
ranch dressing	ingredient	NC	North Carolina	0.37	0.26	0.11
cornmeal	ingredient	NC	North Carolina	0.20	0.10	0.10
steak	ingredient	NC	North Carolina	0.75	0.65	0.10
flounder	ingredient	NC	North Carolina	0.17	0.08	0.10
white meat chicken	ingredient	NC	North Carolina	0.73	0.64	0.09
blended	preparation	ND	North Dakota	0.66	0.21	0.44
perfect	sensory	ND	North Dakota	0.55	0.19	0.36
smothered	preparation	ND	North Dakota	0.45	0.15	0.31
zesty	sensory	ND	North Dakota	0.37	0.07	0.30
sugar	ingredient	ND	North Dakota	0.45	0.16	0.29
loaded	preparation	ND	North Dakota	0.37	0.08	0.29
caramel	ingredient	ND	North Dakota	0.39	0.10	0.28
creamy	sensory	ND	North Dakota	0.58	0.30	0.28
cinnamon	ingredient	ND	North Dakota	0.43	0.15	0.28
warmed	sensory	ND	North Dakota	0.44	0.17	0.26
dip	dish	NE	Nebraska	0.56	0.26	0.30
creamy	sensory	NE	Nebraska	0.56	0.30	0.26
classic	sensory	NE	Nebraska	0.52	0.26	0.26
smothered	preparation	NE	Nebraska	0.39	0.15	0.24
delicious	sensory	NE	Nebraska	0.42	0.18	0.24
blended	preparation	NE	Nebraska	0.45	0.21	0.24
perfect	sensory	NE	Nebraska	0.42	0.19	0.24
stripped	preparation	NE	Nebraska	0.45	0.22	0.23
chip	ingredient	NE	Nebraska	0.51	0.28	0.23
rich	sensory	NE	Nebraska	0.37	0.14	0.23
haddock	ingredient	NH	New Hampshire	0.31	0.02	0.28
chicken tender	ingredient	NH	New Hampshire	0.60	0.35	0.25
blended	preparation	NH	New Hampshire	0.43	0.21	0.22
buffalo	ingredient	NH	New Hampshire	0.33	0.13	0.20
tender	sensory	NH	New Hampshire	0.48	0.30	0.19
buffalo sauce	ingredient	NH	New Hampshire	0.26	0.09	0.18
delicious	sensory	NH	New Hampshire	0.36	0.18	0.17
beef sirloin	ingredient	NH	New Hampshire	0.30	0.12	0.17
perfect	sensory	NH	New Hampshire	0.35	0.19	0.16
cheddar cheese	ingredient	NH	New Hampshire	0.52	0.36	0.16
cheesesteak	dish	NJ	New Jersey	0.42	0.15	0.27
parmigiana	preparation	NJ	New Jersey	0.40	0.14	0.26
eggplant	ingredient	NJ	New Jersey	0.62	0.37	0.25
vodka	ingredient	NJ	New Jersey	0.34	0.09	0.25
clam	ingredient	NJ	New Jersey	0.46	0.22	0.24
fresh mozzarella	ingredient	NJ	New Jersey	0.42	0.18	0.23
mussel	ingredient	NJ	New Jersey	0.40	0.18	0.22
veal	ingredient	NJ	New Jersey	0.38	0.17	0.22
buffalo chicken	dish	NJ	New Jersey	0.45	0.23	0.21
cold	sensory	NJ	New Jersey	0.46	0.25	0.21
green chile	ingredient	NM	New Mexico	0.51	0.02	0.49
chile	ingredient	NM	New Mexico	0.35	0.10	0.25
new	sensory	NM	New Mexico	0.41	0.17	0.24
burrito	dish	NM	New Mexico	0.32	0.11	0.21
tortilla	ingredient	NM	New Mexico	0.44	0.24	0.20
red	sensory	NM	New Mexico	0.49	0.29	0.20
chile pepper	ingredient	NM	New Mexico	0.81	0.62	0.19
smothered	preparation	NM	New Mexico	0.34	0.15	0.19
flour tortilla	ingredient	NM	New Mexico	0.31	0.12	0.19
chip	ingredient	NM	New Mexico	0.47	0.28	0.18
creamy	sensory	NV	Nevada	0.47	0.30	0.18
vanilla	ingredient	NV	Nevada	0.36	0.20	0.17
classic	sensory	NV	Nevada	0.43	0.26	0.16
chocolate	ingredient	NV	Nevada	0.49	0.33	0.16
signature	preparation	NV	Nevada	0.25	0.11	0.14
ranch dressing	ingredient	NV	Nevada	0.40	0.26	0.14
warmed	sensory	NV	Nevada	0.31	0.17	0.13
crispy	sensory	NV	Nevada	0.67	0.54	0.13
new	sensory	NV	Nevada	0.29	0.17	0.13
ice cream	ingredient	NV	Nevada	0.40	0.27	0.13
eggplant	ingredient	NY	New York	0.54	0.37	0.17
cutlet	preparation	NY	New York	0.29	0.13	0.16
roll	preparation	NY	New York	0.50	0.37	0.13
parmigiana	preparation	NY	New York	0.25	0.14	0.12
cold	sensory	NY	New York	0.35	0.25	0.11
broccoli	ingredient	NY	New York	0.52	0.41	0.10
clam	ingredient	NY	New York	0.33	0.22	0.10
vodka	ingredient	NY	New York	0.19	0.09	0.10
squid	ingredient	NY	New York	0.44	0.34	0.10
fresh mozzarella	ingredient	NY	New York	0.28	0.18	0.10
smothered	preparation	OH	Ohio	0.33	0.15	0.18
banana pepper	ingredient	OH	Ohio	0.22	0.04	0.18
banana chile	ingredient	OH	Ohio	0.22	0.04	0.18
cheddar cheese	ingredient	OH	Ohio	0.54	0.36	0.18
burger	dish	OH	Ohio	0.62	0.46	0.16
chicken tender	ingredient	OH	Ohio	0.51	0.35	0.16
bacon	ingredient	OH	Ohio	0.71	0.56	0.15
bread roll	ingredient	OH	Ohio	0.41	0.25	0.15
ranch dressing	ingredient	OH	Ohio	0.41	0.26	0.15
cheeseburger	dish	OH	Ohio	0.40	0.25	0.15
ranch dressing	ingredient	OK	Oklahoma	0.49	0.26	0.23
handmade	preparation	OK	Oklahoma	0.35	0.13	0.22
blended	preparation	OK	Oklahoma	0.43	0.21	0.21
chocolate	ingredient	OK	Oklahoma	0.54	0.33	0.21
cheddar cheese	ingredient	OK	Oklahoma	0.57	0.36	0.20
perfect	sensory	OK	Oklahoma	0.39	0.19	0.20
strawberry	ingredient	OK	Oklahoma	0.39	0.19	0.20
candy	ingredient	OK	Oklahoma	0.66	0.46	0.20
dip	dish	OK	Oklahoma	0.45	0.26	0.19
jalape単o pepper	ingredient	OK	Oklahoma	0.49	0.30	0.19
prawn	ingredient	OR	Oregon	0.28	0.09	0.18
hazelnut	ingredient	OR	Oregon	0.22	0.04	0.18
warmed	sensory	OR	Oregon	0.34	0.17	0.17
tillamook cheddar	ingredient	OR	Oregon	0.16	0.01	0.15
fish and chips	dish	OR	Oregon	0.23	0.08	0.15
seasonal	sensory	OR	Oregon	0.33	0.18	0.15
creamy	sensory	OR	Oregon	0.44	0.30	0.15
halibut	ingredient	OR	Oregon	0.18	0.04	0.14
blended	preparation	OR	Oregon	0.36	0.21	0.14
nut	ingredient	OR	Oregon	0.71	0.57	0.14
hoagie sandwich	dish	PA	Pennsylvania	0.35	0.06	0.29
cheesesteak	dish	PA	Pennsylvania	0.43	0.15	0.28
provolone cheese	ingredient	PA	Pennsylvania	0.51	0.25	0.26
submarine sandwich	dish	PA	Pennsylvania	0.46	0.23	0.23
pizza	dish	PA	Pennsylvania	0.54	0.31	0.23
buffalo chicken	dish	PA	Pennsylvania	0.45	0.23	0.21
ringed	preparation	PA	Pennsylvania	0.47	0.27	0.20
capicola	ingredient	PA	Pennsylvania	0.27	0.07	0.19
chicken tender	ingredient	PA	Pennsylvania	0.54	0.35	0.19
sticked	preparation	PA	Pennsylvania	0.50	0.31	0.18
parmesan cheese	ingredient	RI	Rhode Island	0.62	0.41	0.21
shaved	preparation	RI	Rhode Island	0.34	0.12	0.21
clam	ingredient	RI	Rhode Island	0.43	0.22	0.21
buffalo chicken	dish	RI	Rhode Island	0.44	0.23	0.20
fish and chips	dish	RI	Rhode Island	0.28	0.08	0.20
white	sensory	RI	Rhode Island	0.57	0.37	0.20
mozzarella cheese	ingredient	RI	Rhode Island	0.63	0.44	0.20
crumbled	preparation	RI	Rhode Island	0.34	0.16	0.19
caesar salad	dish	RI	Rhode Island	0.59	0.41	0.18
veal	ingredient	RI	Rhode Island	0.35	0.17	0.18
dip	dish	SC	South Carolina	0.46	0.26	0.20
pecan	ingredient	SC	South Carolina	0.31	0.12	0.19
rib eye steak	ingredient	SC	South Carolina	0.31	0.14	0.18
grits	ingredient	SC	South Carolina	0.22	0.05	0.18
cornmeal	ingredient	SC	South Carolina	0.27	0.10	0.17
ranch dressing	ingredient	SC	South Carolina	0.43	0.26	0.17
blackened	preparation	SC	South Carolina	0.26	0.10	0.16
mustard	ingredient	SC	South Carolina	0.53	0.36	0.16
perfect	sensory	SC	South Carolina	0.34	0.19	0.16
cheddar cheese	ingredient	SC	South Carolina	0.52	0.36	0.16
blended	preparation	SD	South Dakota	0.58	0.21	0.37
perfect	sensory	SD	South Dakota	0.51	0.19	0.33
chocolate	ingredient	SD	South Dakota	0.65	0.33	0.32
cheddar cheese	ingredient	SD	South Dakota	0.69	0.36	0.32
signature	preparation	SD	South Dakota	0.43	0.11	0.32
chip	ingredient	SD	South Dakota	0.60	0.28	0.32
caramel	ingredient	SD	South Dakota	0.42	0.10	0.31
loaded	preparation	SD	South Dakota	0.39	0.08	0.31
sugar	ingredient	SD	South Dakota	0.46	0.16	0.31
ranch dressing	ingredient	SD	South Dakota	0.57	0.26	0.31
chocolate	ingredient	TN	Tennessee	0.52	0.33	0.19
cheddar cheese	ingredient	TN	Tennessee	0.54	0.36	0.17
candy	ingredient	TN	Tennessee	0.63	0.46	0.17
pecan	ingredient	TN	Tennessee	0.29	0.12	0.17
ranch dressing	ingredient	TN	Tennessee	0.42	0.26	0.16
smoked	preparation	TN	Tennessee	0.43	0.28	0.16
dip	dish	TN	Tennessee	0.41	0.26	0.15
loaded	preparation	TN	Tennessee	0.23	0.08	0.15
chicken tender	ingredient	TN	Tennessee	0.50	0.35	0.15
blended	preparation	TN	Tennessee	0.35	0.21	0.14
jalape単o pepper	ingredient	TX	Texas	0.58	0.30	0.28
pico de gallo	dish	TX	Texas	0.24	0.09	0.15
chile pepper	ingredient	TX	Texas	0.76	0.62	0.14
fajita	dish	TX	Texas	0.25	0.11	0.14
pecan	ingredient	TX	Texas	0.25	0.12	0.13
taco	dish	TX	Texas	0.31	0.18	0.13
tortilla	ingredient	TX	Texas	0.37	0.24	0.13
poblano pepper	ingredient	TX	Texas	0.16	0.05	0.12
flour tortilla	ingredient	TX	Texas	0.23	0.12	0.11
cilantro	ingredient	TX	Texas	0.32	0.21	0.11
chip	ingredient	UT	Utah	0.44	0.28	0.16
bowl	preparation	UT	Utah	0.32	0.16	0.15
smothered	preparation	UT	Utah	0.29	0.15	0.14
halibut	ingredient	UT	Utah	0.16	0.04	0.12
tortilla	ingredient	UT	Utah	0.36	0.24	0.12
caramel	ingredient	UT	Utah	0.22	0.10	0.12
famous	sensory	UT	Utah	0.28	0.17	0.11
delicious	sensory	UT	Utah	0.30	0.18	0.11
burrito	dish	UT	Utah	0.22	0.11	0.11
guacamole	dish	UT	Utah	0.25	0.14	0.11
green bell pepper	ingredient	VA	Virginia	0.43	0.32	0.11
cooked	preparation	VA	Virginia	0.37	0.28	0.10
tender	sensory	VA	Virginia	0.38	0.30	0.08
light	sensory	VA	Virginia	0.43	0.35	0.08
chunked	preparation	VA	Virginia	0.25	0.17	0.08
dip	dish	VA	Virginia	0.33	0.26	0.07
shredded	preparation	VA	Virginia	0.42	0.35	0.07
crispy	sensory	VA	Virginia	0.61	0.54	0.07
spice	ingredient	VA	Virginia	0.74	0.67	0.07
crab cake	dish	VA	Virginia	0.19	0.12	0.07
blended	preparation	VT	Vermont	0.58	0.21	0.36
zesty	sensory	VT	Vermont	0.32	0.07	0.24
crunchy	sensory	VT	Vermont	0.35	0.12	0.23
classic	sensory	VT	Vermont	0.49	0.26	0.23
ranch dressing	ingredient	VT	Vermont	0.48	0.26	0.22
new	sensory	VT	Vermont	0.39	0.17	0.22
drizzled	preparation	VT	Vermont	0.32	0.10	0.21
glazed	preparation	VT	Vermont	0.38	0.16	0.21
maple	ingredient	VT	Vermont	0.28	0.07	0.21
caesar salad	dish	VT	Vermont	0.61	0.41	0.20
prawn	ingredient	WA	Washington	0.47	0.09	0.38
deep fried	preparation	WA	Washington	0.36	0.26	0.10
stir fried	preparation	WA	Washington	0.25	0.15	0.10
coconut	ingredient	WA	Washington	0.28	0.19	0.10
spice	ingredient	WA	Washington	0.77	0.67	0.10
cilantro	ingredient	WA	Washington	0.30	0.21	0.09
halibut	ingredient	WA	Washington	0.13	0.04	0.09
nut	ingredient	WA	Washington	0.66	0.57	0.09
dungeness crab	ingredient	WA	Washington	0.11	0.01	0.09
ice cream	ingredient	WA	Washington	0.37	0.27	0.09
cheddar cheese	ingredient	WI	Wisconsin	0.52	0.36	0.16
breaded	preparation	WI	Wisconsin	0.47	0.32	0.15
green bell pepper	ingredient	WI	Wisconsin	0.47	0.32	0.15
cheese curd	ingredient	WI	Wisconsin	0.16	0.01	0.14
seasoned	preparation	WI	Wisconsin	0.46	0.32	0.14
blended	preparation	WI	Wisconsin	0.35	0.21	0.13
swiss cheese	ingredient	WI	Wisconsin	0.42	0.28	0.13
perch	ingredient	WI	Wisconsin	0.15	0.02	0.13
bread roll	ingredient	WI	Wisconsin	0.38	0.25	0.13
cod	ingredient	WI	Wisconsin	0.23	0.11	0.12
ranch dressing	ingredient	WV	West Virginia	0.65	0.26	0.39
nutrient	ingredient	WV	West Virginia	0.40	0.03	0.36
oats	ingredient	WV	West Virginia	0.36	0.01	0.34
melted	preparation	WV	West Virginia	0.67	0.33	0.34
honey mustard	ingredient	WV	West Virginia	0.50	0.16	0.34
white meat turkey	ingredient	WV	West Virginia	0.45	0.12	0.34
turkey breast	ingredient	WV	West Virginia	0.45	0.11	0.34
cheesesteak	dish	WV	West Virginia	0.49	0.15	0.34
cookies	dish	WV	West Virginia	0.58	0.24	0.34
value	sensory	WV	West Virginia	0.35	0.01	0.33
blended	preparation	WY	Wyoming	0.54	0.21	0.32
delicious	sensory	WY	Wyoming	0.47	0.18	0.29
cinnamon	ingredient	WY	Wyoming	0.43	0.15	0.29
perfect	sensory	WY	Wyoming	0.46	0.19	0.28
chip	ingredient	WY	Wyoming	0.55	0.28	0.26
tortilla	ingredient	WY	Wyoming	0.49	0.24	0.25
ranch dressing	ingredient	WY	Wyoming	0.52	0.26	0.25
cheddar cheese	ingredient	WY	Wyoming	0.61	0.36	0.24
zesty	sensory	WY	Wyoming	0.31	0.07	0.24
creamy	sensory	WY	Wyoming	0.54	0.30	0.24